{"eval/n_batches":50,"eval/acc":0.7855040049552917,"_wandb":{"runtime":1},"eval/induction/acc":1,"_step":0,"_runtime":1.2891081,"_timestamp":1.7725337602311554e+09,"eval/loss":0.6777048385143281,"eval/induction/loss":0.0005146926909219473}