{"_runtime":1.6552547,"eval/induction/loss":0.0005148812744300812,"_step":0,"_wandb":{"runtime":1},"eval/loss":0.6777396512031555,"eval/n_batches":50,"eval/induction/acc":1,"_timestamp":1.7725403899758422e+09,"eval/acc":0.7857358562946319}