{"_timestamp":1.7724642092223806e+09,"_step":39,"_wandb":{"runtime":46},"_runtime":46,"train/loss":0.6800135970115662,"train/step":1950}