{"eval/loss":0.6778656899929046,"eval/induction/loss":0.0005134742893278598,"_wandb":{"runtime":1},"_runtime":1,"eval/acc":0.7852419126033783,"_timestamp":1.772533633794242e+09,"_step":0,"eval/n_batches":50,"eval/induction/acc":1}