{"_wandb":{"runtime":58},"_runtime":58,"train/loss":0.04347407445311546,"train/step":1950,"_timestamp":1.7723761870802581e+09,"_step":39}