{"_runtime":51,"_step":39,"train/loss":0.043514151126146317,"train/step":1950,"_timestamp":1.7724638501123726e+09,"_wandb":{"runtime":51}}