{"train/step":1950,"_timestamp":1.7725407865599413e+09,"_wandb":{"runtime":39},"_runtime":39,"_step":39,"train/loss":0.6807011365890503}