{"_step":0,"_wandb":{"runtime":1},"eval/induction/acc":1,"_runtime":1,"eval/n_batches":50,"_timestamp":1.772531126058044e+09,"eval/loss":0.677680686712265,"eval/acc":0.7856854569911956,"eval/induction/loss":0.0005144250765442848}